Employability ratio,List of local jobs,Number of local jobs with a strong matching,Number of local jobs that need training,List of companies,Number of relevent companies (if they posted a job + high recruitment potential),Number of companies in relevent industries,Suggested training (best opportunity),Code de la ressource,Nom,Prénom,Date de naissance,Age nombre,Ancienneté,Ancienneté nombre,Code type de contrat,Catégorie socioprofessionnelle,Date de paiement,Indicateur ETP mois,Motif de suspension absence,Suspension =1,Suspension H20,Catégorie conventionnelle,Nom catégorie conventionnelle,Nom niveau echelon,Niveau - Echelon individuel,Bac,Nom du rôle,ROME CODE,emploi sensible GEPP,emploi en dev GEPP,Nom niveau Danone,Pourcentage d'activité,ETP ,Date de début,Date de fin,Nom de l'unité de travail,Nom sous direction,Nom direction,Libellé du lieu de travail,sexe,forfait
,,,,,,,,291603,,,32702,30,42611,3,CDI,C,43976,1,,,#N/A,14,Cadre,9.2,,Bac + 5,Adjointe RH,Laura & Aïna,,,9 Manager,100,1,42611,,SERVICE RELATIONS HUMAINES VILLE,SERVICE RELATIONS HUMAINES VILLE,DIR. INDUSTRIELLE,US DE VILLECOMTAL,Féminin,1
,,,,,,,,348665,,,36857,19,43731,0,PRO1,O,43976,1,,,#N/A,30,Ouvrier,4.1,,Bac+2/3,Alternant Technicien de maintenance process,,,O,Non Manager 100,100,1,43731,,USINE DE VILLECOMTAL,USINE DE VILLECOMTAL,DIR. INDUSTRIELLE,US DE VILLECOMTAL,Masculin,0
,,,,,,,,391326,,,35297,23,43710,0,PRO1,TAM,43976,1,,,#N/A,20,Agent de Maîtrise,7.1,,Bac + 3,Alternante Controle de Gestion Des Flux,,,O,Non Manager 100,100,1,43710,,SERVICE GESTION VILLECOMTAL,SERVICE GESTION VILLECOMTAL,DIR. INDUSTRIELLE,US DE VILLECOMTAL,Féminin,0
,,,,,,,,56036,,,23376,56,31540,34,CDI,TAM,43976,1,,,#N/A,16,Article 4 bis,8.2,,Bac + 3,Animateur securite,,,,Non Manager 100,100,1,36617,,SERVICE GESTION QUALITÉ VILLECOM,SERVICE GESTION QUALITÉ VILLECOM,DIR. INDUSTRIELLE,US DE VILLECOMTAL,Masculin,1
,,,,,,,,39995,,,26751,47,39114,13,CDI,TAM,43976,1,,,#N/A,20,Agent de Maîtrise,6.2,,Bac+2/3,Animatrice Qualite,,,,Non Manager 100,100,1,40664,,SERVICE GESTION QUALITÉ VILLECOM,SERVICE GESTION QUALITÉ VILLECOM,DIR. INDUSTRIELLE,US DE VILLECOMTAL,Féminin,0
,,,,,,,,353097,,,36237,21,43346,1,CAP,O,43976,1,,,#N/A,30,Ouvrier,,,,APPRENTI,,,,Non Manager 100,100,1,43346,,USINE DE VILLECOMTAL,USINE DE VILLECOMTAL,DIR. INDUSTRIELLE,US DE VILLECOMTAL,Féminin,0
,,,,,,,,391331,,,36398,20,43710,0,CAP,O,43976,1,,,#N/A,30,Ouvrier,5.1,,Bac+2/3,Apprentie Laboratoire,,,,Non Manager 100,100,1,43710,,SERVICE GESTION QUALITÉ VILLECOM,SERVICE GESTION QUALITÉ VILLECOM,DIR. INDUSTRIELLE,US DE VILLECOMTAL,Féminin,0
,,,,,,,,391329,,,34295,26,43710,0,CAP,TAM,43976,1,,,#N/A,16,Article 4 bis,8.1,,Bac + 3,Apprentie Securite,,,,Non Manager 100,100,1,43710,,SERVICE GESTION QUALITÉ VILLECOM,SERVICE GESTION QUALITÉ VILLECOM,DIR. INDUSTRIELLE,US DE VILLECOMTAL,Féminin,0
,,,,,,,,324356,,,35243,23,42982,2,CAP,TAM,43976,1,,,#N/A,16,Article 4 bis,8.1,,Bac + 3,APRRENTIE PRODUCTION,,,,Non Manager 100,100,1,42982,,SERV. PRODUCTION VIL,SERV EXPLOIT CONDITIONNEMENT VIL,DIR. INDUSTRIELLE,US DE VILLECOMTAL,Féminin,0
,,,,,,,,56034,,,21688,61,29204,40,CDI,TAM,43976,1,,,#N/A,20,Agent de Maîtrise,6.3,,Bac+2/3,Assistante de gestion,,,,Non Manager 100,100,1,36617,,SERVICE GESTION VILLECOMTAL,SERVICE GESTION VILLECOMTAL,DIR. INDUSTRIELLE,US DE VILLECOMTAL,Féminin,1
,,,,,,,,33376,,,23532,56,34760,25,CDI,O,43976,1,,,#N/A,30,Ouvrier,4.2,,Bac+2/3,Conducteur d Installation Fruits,,O,,Non Manager 100,100,1,36617,,SERVICE FRUITS,SCE FRUITS,DIR. INDUSTRIELLE,US DE VILLECOMTAL,Masculin,0
,,,,,,,,36101,,,27377,45,35380,23,CDI,O,43976,1,,,#N/A,30,Ouvrier,4.2,,Bac+2/3,Conducteur d Installation Fruits,,O,,Non Manager 100,100,1,36617,,SERVICE FRUITS,SCE FRUITS,DIR. INDUSTRIELLE,US DE VILLECOMTAL,Masculin,0
,,,,,,,,37949,,,24214,54,32447,31,CDI,O,43976,0.69,,,#N/A,30,Ouvrier,4.2,,Bac+2/3,Conducteur d Installation Fruits,,O,,Non Manager 100,68.57,0.6857,37865,,SERVICE FRUITS,SCE FRUITS,DIR. INDUSTRIELLE,US DE VILLECOMTAL,Masculin,0
,,,,,,,,42026,,,27018,46,35964,22,CDI,O,43976,1,,,#N/A,30,Ouvrier,4.2,,Bac+2/3,Conducteur d Installation Fruits,,O,,Non Manager 100,100,1,36617,,SERVICE FRUITS,SCE FRUITS,DIR. INDUSTRIELLE,US DE VILLECOMTAL,Masculin,0
,,,,,,,,44722,,,22914,57,30970,35,CDI,O,43976,1,,,#N/A,30,Ouvrier,4.2,,Bac+2/3,Conducteur d Installation Fruits,,O,,Non Manager 100,100,1,36617,,SERVICE FRUITS,SCE FRUITS,DIR. INDUSTRIELLE,US DE VILLECOMTAL,Masculin,0
,,,,,,,,50685,,,23035,57,32672,31,CDI,O,43976,1,,,#N/A,30,Ouvrier,4.2,,Bac+2/3,Conducteur d Installation Fruits,,O,,Non Manager 100,100,1,36617,,SERVICE FRUITS,SCE FRUITS,DIR. INDUSTRIELLE,US DE VILLECOMTAL,Masculin,0
,,,,,,,,56037,,,22272,59,30303,37,CDI,O,43976,1,,,#N/A,30,Ouvrier,4.2,,Bac+2/3,Conducteur d Installation Fruits,,O,,Non Manager 100,100,1,36617,,SERVICE FRUITS,SCE FRUITS,DIR. INDUSTRIELLE,US DE VILLECOMTAL,Masculin,0
,,,,,,,,30388,,,24222,54,31859,33,CDI,TAM,43976,1,,,#N/A,20,Agent de Maîtrise,5.2,,Bac+2/3,Conducteur d Installation Process,,,,Non Manager 100,100,1,36617,,SERVICE PASTEURISATION,SCE PASTEURISATION,DIR. INDUSTRIELLE,US DE VILLECOMTAL,Masculin,0
,,,,,,,,33368,,,22194,59,29507,39,CDI,TAM,43976,0.5,,,1,20,Agent de Maîtrise,5.3,,Bac+2/3,Conducteur d Installation Process,,,,Non Manager 100,50,0.5,36617,,SERVICE PASTEURISATION,SCE PASTEURISATION,DIR. INDUSTRIELLE,US DE VILLECOMTAL,Masculin,0
,,,,,,,,353096,,,21760,60,43268,2,CDI,TAM,43976,1,,,#N/A,20,Agent de Maîtrise,5.2,62,Bac+2/3,Conducteur d Installation Process,,,,Non Manager 100,100,1,43891,,SERVICE PASTEURISATION,SCE PASTEURISATION,DIR. INDUSTRIELLE,US DE VILLECOMTAL,Masculin,0
,,,,,,,,36071,,,24163,54,36982,19,CDI,TAM,43976,1,,,#N/A,20,Agent de Maîtrise,6.1,,Bac+2/3,Conducteur d Installation Process,,,,Non Manager 100,100,1,37073,,SERVICE PROCESS,SCE PROCESS,DIR. INDUSTRIELLE,US DE VILLECOMTAL,Masculin,0
,,,,,,,,45737,,,22034,60,39356,12,CDI,TAM,43976,1,,,#N/A,20,Agent de Maîtrise,5.2,,Bac+2/3,Conducteur d Installation Process,,,,Non Manager 100,100,1,40664,,SERVICE PASTEURISATION,SCE PASTEURISATION,DIR. INDUSTRIELLE,US DE VILLECOMTAL,Masculin,0
,,,,,,,,29296,,,29652,39,37805,16,CDI,O,43976,1,,,#N/A,30,Ouvrier,5.2,,Bac+2/3,Conducteur de ligne,,,,Non Manager 100,100,1,38901,,SERV. PRODUCTION VIL,SERV EXPLOIT CONDITIONNEMENT VIL,DIR. INDUSTRIELLE,US DE VILLECOMTAL,Masculin,0
,,,,,,,,30378,,,26858,46,36557,20,CDI,O,43976,0.69,,,#N/A,30,Ouvrier,5.2,,Bac+2/3,Conducteur de ligne,,,,Non Manager 100,68.57,0.6857,37438,,SERV. PRODUCTION VIL,SERV EXPLOIT CONDITIONNEMENT VIL,DIR. INDUSTRIELLE,US DE VILLECOMTAL,Masculin,0
,,,,,,,,30390,,,25457,50,34039,27,CDI,O,43976,1,,,#N/A,30,Ouvrier,5.2,,Bac+2/3,Conducteur de ligne,,,,Non Manager 100,100,1,36617,,SERV. PRODUCTION VIL,SERV EXPLOIT CONDITIONNEMENT VIL,DIR. INDUSTRIELLE,US DE VILLECOMTAL,Masculin,0
,,,,,,,,33370,,,22861,57,30339,37,CDI,O,43976,1,,,#N/A,30,Ouvrier,5.2,,Bac+2/3,Conducteur de ligne,,,,Non Manager 100,100,1,36617,,SERV. PRODUCTION VIL,SERV EXPLOIT CONDITIONNEMENT VIL,DIR. INDUSTRIELLE,US DE VILLECOMTAL,Masculin,0
,,,,,,,,33374,,,22617,58,30258,37,CDI,O,43976,1,,,#N/A,30,Ouvrier,5.2,,Bac+2/3,Conducteur de ligne,,,,Non Manager 100,100,1,36617,,SERV. PRODUCTION VIL,SERV EXPLOIT CONDITIONNEMENT VIL,DIR. INDUSTRIELLE,US DE VILLECOMTAL,Masculin,0
,,,,,,,,33375,,,23235,56,31748,33,CDI,O,43976,1,,,#N/A,30,Ouvrier,5.2,,Bac+2/3,Conducteur de ligne,,,,Non Manager 100,100,1,36617,,SERV. PRODUCTION VIL,SERV EXPLOIT CONDITIONNEMENT VIL,DIR. INDUSTRIELLE,US DE VILLECOMTAL,Masculin,0
,,,,,,,,33379,,,24773,52,33963,27,CDI,O,43976,1,,,1,30,Ouvrier,5.2,,Bac+2/3,Conducteur de ligne,,,,Non Manager 100,100,1,36617,,SERV. PRODUCTION VIL,SERV EXPLOIT CONDITIONNEMENT VIL,DIR. INDUSTRIELLE,US DE VILLECOMTAL,Masculin,0
,,,,,,,,33866,,,27669,44,39383,12,CDI,O,43976,1,,,#N/A,30,Ouvrier,5.2,,Bac+2/3,Conducteur de ligne,,,,Non Manager 100,100,1,40664,,SERV. PRODUCTION VIL,SERV EXPLOIT CONDITIONNEMENT VIL,DIR. INDUSTRIELLE,US DE VILLECOMTAL,Masculin,0
,,,,,,,,35196,,,24709,52,37805,16,CDI,O,43976,0.69,,,#N/A,30,Ouvrier,5.2,,Bac+2/3,Conducteur de ligne,,,,Non Manager 100,68.57,0.6857,38901,,SERV. PRODUCTION VIL,SERV EXPLOIT CONDITIONNEMENT VIL,DIR. INDUSTRIELLE,US DE VILLECOMTAL,Masculin,0
,,,,,,,,35228,,,29587,39,37805,16,CDI,O,43976,1,,,#N/A,30,Ouvrier,5.2,,Bac+2/3,Conducteur de ligne,,,,Non Manager 100,100,1,38901,,SERV. PRODUCTION VIL,SERV EXPLOIT CONDITIONNEMENT VIL,DIR. INDUSTRIELLE,US DE VILLECOMTAL,Masculin,0
,,,,,,,,36089,,,24049,54,33512,28,CDI,O,43976,0.69,,,#N/A,30,Ouvrier,5.2,,Bac+2/3,Conducteur de ligne,,,,Non Manager 100,68.57,0.6857,36617,,SERV. PRODUCTION VIL,SERV EXPLOIT CONDITIONNEMENT VIL,DIR. INDUSTRIELLE,US DE VILLECOMTAL,Masculin,0
,,,,,,,,39169,,,25074,51,33857,27,CDI,O,43976,1,,,#N/A,30,Ouvrier,5.2,,Bac+2/3,Conducteur de ligne,,,,Non Manager 100,100,1,36617,,SERV. PRODUCTION VIL,SERV EXPLOIT CONDITIONNEMENT VIL,DIR. INDUSTRIELLE,US DE VILLECOMTAL,Masculin,0
,,,,,,,,39174,,,27697,44,35521,23,CDI,O,43976,0.69,,,#N/A,30,Ouvrier,5.3,,Bac+2/3,Conducteur de ligne,,,,Non Manager 100,68.57,0.6857,36617,,SERV. PRODUCTION VIL,SERV EXPLOIT CONDITIONNEMENT VIL,DIR. INDUSTRIELLE,US DE VILLECOMTAL,Masculin,0
,,,,,,,,39175,,,26742,47,35521,23,CDI,O,43976,1,,,#N/A,30,Ouvrier,5.2,,Bac+2/3,Conducteur de ligne,,,,Non Manager 100,100,1,36617,,SERV. PRODUCTION VIL,SERV EXPLOIT CONDITIONNEMENT VIL,DIR. INDUSTRIELLE,US DE VILLECOMTAL,Masculin,0
,,,,,,,,42033,,,22846,57,32633,31,CDI,O,43976,1,,,#N/A,30,Ouvrier,5.1,,Bac+2/3,Conducteur de ligne,,,,Non Manager 100,100,1,36617,,SERVICE GESTION QUALITÉ VILLECOM,SERVICE GESTION QUALITÉ VILLECOM,DIR. INDUSTRIELLE,US DE VILLECOMTAL,Masculin,0
,,,,,,,,44113,,,27326,45,37805,16,CDI,O,43976,1,,,#N/A,30,Ouvrier,5.2,,Bac+2/3,Conducteur de ligne,,,,Non Manager 100,100,1,38901,,SERV. PRODUCTION VIL,SERV EXPLOIT CONDITIONNEMENT VIL,DIR. INDUSTRIELLE,US DE VILLECOMTAL,Masculin,0
,,,,,,,,44727,,,24201,54,33609,28,CDI,O,43976,1,,,#N/A,30,Ouvrier,5.2,,Bac+2/3,Conducteur de ligne,,,,Non Manager 100,100,1,36617,,SERV. PRODUCTION VIL,SERV EXPLOIT CONDITIONNEMENT VIL,DIR. INDUSTRIELLE,US DE VILLECOMTAL,Masculin,0
,,,,,,,,44732,,,25785,49,34755,25,CDI,O,43976,1,,,#N/A,30,Ouvrier,5.2,,Bac+2/3,Conducteur de ligne,,,,Non Manager 100,100,1,36617,,SERV. PRODUCTION VIL,SERV EXPLOIT CONDITIONNEMENT VIL,DIR. INDUSTRIELLE,US DE VILLECOMTAL,Masculin,0
,,,,,,,,50683,,,22615,58,30179,37,CDI,O,43976,1,,,#N/A,30,Ouvrier,5.2,,Bac+2/3,Conducteur de ligne,,,,Non Manager 100,100,1,36617,,SERV. PRODUCTION VIL,SERV EXPLOIT CONDITIONNEMENT VIL,DIR. INDUSTRIELLE,US DE VILLECOMTAL,Masculin,0
,,,,,,,,52319,,,24065,54,38363,15,CDI,O,43976,0.69,,,#N/A,30,Ouvrier,5.2,,Bac+2/3,Conducteur de ligne,,,,Non Manager 100,68.57,0.6857,39458,,SERV. PRODUCTION VIL,SERV EXPLOIT CONDITIONNEMENT VIL,DIR. INDUSTRIELLE,US DE VILLECOMTAL,Masculin,0
,,,,,,,,53283,,,22049,60,31122,35,CDI,O,43976,1,,,#N/A,30,Ouvrier,5.2,,Bac+2/3,Conducteur de ligne,,,,Non Manager 100,100,1,36617,,SERV. PRODUCTION VIL,SERV EXPLOIT CONDITIONNEMENT VIL,DIR. INDUSTRIELLE,US DE VILLECOMTAL,Masculin,0
,,,,,,,,56031,,,23259,56,32143,32,CDI,O,43976,0.69,,,#N/A,30,Ouvrier,5.3,,Bac+2/3,Conducteur de ligne,,,,Non Manager 100,68.57,0.6857,36617,,SERV. PRODUCTION VIL,SERV EXPLOIT CONDITIONNEMENT VIL,DIR. INDUSTRIELLE,US DE VILLECOMTAL,Masculin,0
,,,,,,,,56038,,,23780,55,34029,27,CDI,O,43976,1,,,#N/A,30,Ouvrier,5.2,,Bac+2/3,Conducteur de ligne,,,,Non Manager 100,100,1,36617,,SERV. PRODUCTION VIL,SERV EXPLOIT CONDITIONNEMENT VIL,DIR. INDUSTRIELLE,US DE VILLECOMTAL,Masculin,0
,,,,,,,,29860,,,22314,59,36220,21,CDI,O,43976,0.69,,,#N/A,30,Ouvrier,5.2,,Bac+2/3,Conducteur de palettiseur centralise,,,,Non Manager 100,68.57,0.6857,37631,,SERV. PRODUCTION VIL,SERV EXPLOIT CONDITIONNEMENT VIL,DIR. INDUSTRIELLE,US DE VILLECOMTAL,Masculin,0
,,,,,,,,35195,,,27017,46,37541,17,CDI,O,43976,0.69,,,#N/A,30,Ouvrier,5.3,,Bac+2/3,Conducteur de palettiseur centralise,,,,Non Manager 100,68.57,0.6857,37631,,SERV. PRODUCTION VIL,SERV EXPLOIT CONDITIONNEMENT VIL,DIR. INDUSTRIELLE,US DE VILLECOMTAL,Masculin,0
,,,,,,,,36093,,,23059,57,31922,33,CDI,O,43976,1,,,#N/A,30,Ouvrier,5.2,,Bac+2/3,Conducteur de palettiseur centralise,,,,Non Manager 100,100,1,36617,,SERV. PRODUCTION VIL,SERV EXPLOIT CONDITIONNEMENT VIL,DIR. INDUSTRIELLE,US DE VILLECOMTAL,Masculin,0
,,,,,,,,56040,,,25218,51,33750,28,CDI,O,43976,1,,,#N/A,30,Ouvrier,5.2,,Bac+2/3,Conducteur de palettiseur centralise,,,,Non Manager 100,100,1,36617,,SERV. PRODUCTION VIL,SERV EXPLOIT CONDITIONNEMENT VIL,DIR. INDUSTRIELLE,US DE VILLECOMTAL,Masculin,0
,,,,,,,,297445,,,29764,38,42659,3,CDI,O,43976,1,,,#N/A,30,Ouvrier,5.2,,Bac+2/3,Conductrice de ligne,,,,Non Manager 100,100,1,42751,,SERVICE GESTION QUALITÉ VILLECOM,SERVICE GESTION QUALITÉ VILLECOM,DIR. INDUSTRIELLE,US DE VILLECOMTAL,Féminin,0
,,,,,,,,32018,,,27696,44,37805,16,CDI,O,43976,1,,,#N/A,30,Ouvrier,5.2,,Bac+2/3,Conductrice de ligne,,,,Non Manager 100,100,1,38901,,SERV. PRODUCTION VIL,SERV EXPLOIT CONDITIONNEMENT VIL,DIR. INDUSTRIELLE,US DE VILLECOMTAL,Féminin,0
,,,,,,,,39795,,,28210,43,38991,13,CDI,O,43976,1,,,#N/A,30,Ouvrier,5.2,,Bac+2/3,Conductrice de ligne,,,,Non Manager 100,100,1,40422,,SERV. PRODUCTION VIL,SERV EXPLOIT CONDITIONNEMENT VIL,DIR. INDUSTRIELLE,US DE VILLECOMTAL,Féminin,0
,,,,,,,,42036,,,22669,58,34201,26,CDI,O,43976,1,,,#N/A,30,Ouvrier,5.2,,Bac+2/3,Conductrice de ligne,,,,Non Manager 100,100,1,36617,,SERV. PRODUCTION VIL,SERV EXPLOIT CONDITIONNEMENT VIL,DIR. INDUSTRIELLE,US DE VILLECOMTAL,Féminin,0
,,,,,,,,297442,,,29479,39,42826,3,CDI,O,43976,1,,,#N/A,30,Ouvrier,5.2,,Bac+2/3,Conductrice de Palettiseur Centralise,,,,Non Manager 100,100,1,42917,,SERV. PRODUCTION VIL,SERV EXPLOIT CONDITIONNEMENT VIL,DIR. INDUSTRIELLE,US DE VILLECOMTAL,Féminin,0
,,,,,,,,30379,,,24852,52,36448,20,CDI,TAM,43976,0.74,,,#N/A,20,Agent de Maîtrise,6.2,,Bac+2/3,coordinateur,,,,Non Manager 100,74.28,0.7428,36831,,SERVICE GESTION VILLECOMTAL,SERVICE GESTION VILLECOMTAL,DIR. INDUSTRIELLE,US DE VILLECOMTAL,Masculin,0
,,,,,,,,31220,,,22088,60,39356,12,CDI,TAM,43976,0.74,,,1,20,Agent de Maîtrise,6.2,,Bac+2/3,coordinateur,,,,Non Manager 100,74.28,0.7428,40664,,SERVICE GESTION VILLECOMTAL,SERVICE GESTION VILLECOMTAL,DIR. INDUSTRIELLE,US DE VILLECOMTAL,Masculin,0
,,,,,,,,33381,,,27261,45,35358,23,CDI,TAM,43976,1,,,#N/A,20,Agent de Maîtrise,6.2,,Bac+2/3,coordinateur,,,,Non Manager 100,100,1,36617,,SERVICE GESTION VILLECOMTAL,SERVICE GESTION VILLECOMTAL,DIR. INDUSTRIELLE,US DE VILLECOMTAL,Masculin,0
,,,,,,,,36099,,,25170,51,34159,26,CDI,TAM,43976,1,,,#N/A,20,Agent de Maîtrise,6.3,,Bac+2/3,Coordinateur,,,,Non Manager 100,100,1,36617,,SERVICE GESTION VILLECOMTAL,SERVICE GESTION VILLECOMTAL,DIR. INDUSTRIELLE,US DE VILLECOMTAL,Masculin,0
,,,,,,,,44681,,,26677,47,36787,19,CDI,TAM,43976,1,,,#N/A,20,Agent de Maîtrise,6.2,,Bac+2/3,coordinateur,,,,Non Manager 100,100,1,39083,,SERVICE GESTION VILLECOMTAL,SERVICE GESTION VILLECOMTAL,DIR. INDUSTRIELLE,US DE VILLECOMTAL,Masculin,0
,,,,,,,,44718,,,24770,52,32564,31,CDI,TAM,43976,0.69,,,#N/A,20,Agent de Maîtrise,6.2,,Bac+2/3,Coordinateur,,,,Non Manager 100,68.57,0.6857,36617,,SERV. PRODUCTION VIL,SERV EXPLOIT CONDITIONNEMENT VIL,DIR. INDUSTRIELLE,US DE VILLECOMTAL,Masculin,0
,,,,,,,,44731,,,25657,50,35100,24,CDI,TAM,43976,0.69,,,#N/A,20,Agent de Maîtrise,6.2,,Bac+2/3,Coordinateur,,,,Non Manager 100,68.57,0.6857,36617,,SERV. PRODUCTION VIL,SERV EXPLOIT CONDITIONNEMENT VIL,DIR. INDUSTRIELLE,US DE VILLECOMTAL,Masculin,0
,,,,,,,,42027,,,28241,43,36164,21,CDI,TAM,43976,1,,,#N/A,20,Agent de Maîtrise,7.3,,Bac + 3,Coordinateur Technique,,,,Non Manager 100,100,1,36617,,SERV. MAINTENANCE VIL,SERV EXPLOITATION PROCESS VILLEC,DIR. INDUSTRIELLE,US DE VILLECOMTAL,Masculin,1
,,,,,,,,50639,,,28625,42,36678,20,CDI,TAM,43976,1,,,#N/A,20,Agent de Maîtrise,7.3,,Bac + 3,Coordinateur Technique,,,,Non Manager 100,100,1,36678,,SERV. MAINTENANCE VIL,SERV EXPLOITATION PROCESS VILLEC,DIR. INDUSTRIELLE,US DE VILLECOMTAL,Masculin,1
,,,,,,,,56035,,,22677,58,29891,38,CDI,TAM,43976,1,,,#N/A,20,Agent de Maîtrise,7.3,,Bac + 3,Coordinateur technique,,,,Non Manager 100,100,1,36617,,SERVICE PROCESS,SCE PROCESS,DIR. INDUSTRIELLE,US DE VILLECOMTAL,Masculin,1
,,,,,,,,29382,,,29319,40,38359,15,CDI,TAM,43976,1,,,#N/A,20,Agent de Maîtrise,6.3,,Bac+2/3,Gestionnaire matieres premieres,,,,Non Manager 100,100,1,38412,,SERVICE GESTION VILLECOMTAL,SERVICE GESTION VILLECOMTAL,DIR. INDUSTRIELLE,US DE VILLECOMTAL,Féminin,1
,,,,,,,,41989,,,26640,47,36899,19,CDI,TAM,43976,1,,,#N/A,20,Agent de Maîtrise,6.1,,Bac+2/3,Gestionnaire matieres premieres,,,,Non Manager 100,100,1,42614,,SERVICE GESTION VILLECOMTAL,SERVICE GESTION VILLECOMTAL,DIR. INDUSTRIELLE,US DE VILLECOMTAL,Masculin,1
,,,,,,,,44609,,,23086,57,30287,37,CDI,TAM,43976,1,,,#N/A,20,Agent de Maîtrise,7.2,,Bac + 3,Gestionnaire RH,,,,Non Manager 100,100,1,38991,,SERVICE RELATIONS HUMAINES VILLE,SERVICE RELATIONS HUMAINES VILLE,DIR. INDUSTRIELLE,US DE VILLECOMTAL,Féminin,1
,,,,,,,,271202,,,29690,39,42898,3,CDI,TAM,43976,0.53,,,#N/A,20,Agent de Maîtrise,7.2,,Bac + 3,Infirmiere,,,,Non Manager 100,53,0.53,42898,,SERVICE GESTION VILLECOMTAL,SERVICE GESTION VILLECOMTAL,DIR. INDUSTRIELLE,US DE VILLECOMTAL,Féminin,1
,,,,,,,,367293,,,34972,24,43500,1,CDD,C,43976,1,,,#N/A,14,Cadre,9.1,,Bac + 5,INGENIEUR ETUDES,,,,9.9 Manager Junior,100,1,43500,,USINE DE VILLECOMTAL,USINE DE VILLECOMTAL,DIR. INDUSTRIELLE,US DE VILLECOMTAL,Masculin,1
,,,,,,,,52407,,,25664,50,36418,20,CDI,O,43976,1,,,#N/A,30,Ouvrier,4.2,,Bac+2/3,laborantin 1,,,,Non Manager 100,100,1,41579,,SERVICE GESTION QUALITÉ VILLECOM,SERVICE GESTION QUALITÉ VILLECOM,DIR. INDUSTRIELLE,US DE VILLECOMTAL,Masculin,0
,,,,,,,,33372,,,23225,56,30303,37,CDI,TAM,43976,0.69,,,#N/A,20,Agent de Maîtrise,5.2,62,Bac+2/3,Laborantin 2,,,,Non Manager 100,68.57,0.6857,36617,,SERVICE GESTION QUALITÉ VILLECOM,SERVICE GESTION QUALITÉ VILLECOM,DIR. INDUSTRIELLE,US DE VILLECOMTAL,Masculin,0
,,,,,,,,52596,,,28808,41,37807,16,CDI,O,43976,0.69,,,#N/A,30,Ouvrier,5.2,,Bac+2/3,Laborantin 2,,,,Non Manager 100,68.57,0.6857,38903,,SERVICE GESTION QUALITÉ VILLECOM,SERVICE GESTION QUALITÉ VILLECOM,DIR. INDUSTRIELLE,US DE VILLECOMTAL,Masculin,0
,,,,,,,,286683,,,24861,52,42401,4,CDI,O,43976,1,,,#N/A,30,Ouvrier,5.2,,Bac+2/3,Laborantine 2,,,,Non Manager 100,100,1,42491,,SERVICE GESTION QUALITÉ VILLECOM,SERVICE GESTION QUALITÉ VILLECOM,DIR. INDUSTRIELLE,US DE VILLECOMTAL,Féminin,0
,,,,,,,,286747,,,32959,30,42401,4,CDI,O,43976,1,,,#N/A,30,Ouvrier,5.2,,Bac+2/3,Laborantine 2,,,,Non Manager 100,100,1,42491,,SERVICE GESTION QUALITÉ VILLECOM,SERVICE GESTION QUALITÉ VILLECOM,DIR. INDUSTRIELLE,US DE VILLECOMTAL,Féminin,0
,,,,,,,,36100,,,24305,53,34029,27,CDI,TAM,43976,1,,,#N/A,20,Agent de Maîtrise,6.2,,Bac+2/3,Laborantine 2,,,,Non Manager 100,100,1,36617,,SERVICE GESTION QUALITÉ VILLECOM,SERVICE GESTION QUALITÉ VILLECOM,DIR. INDUSTRIELLE,US DE VILLECOMTAL,Féminin,0
,,,,,,,,53278,,,22040,60,29911,38,CDI,O,43976,1,,,#N/A,30,Ouvrier,5.2,,Bac+2/3,Laborantine 2,,,,Non Manager 100,100,1,36617,,SERVICE GESTION QUALITÉ VILLECOM,SERVICE GESTION QUALITÉ VILLECOM,DIR. INDUSTRIELLE,US DE VILLECOMTAL,Féminin,0
,,,,,,,,59375,,,34388,26,42705,3,CDI,O,43976,1,,,#N/A,30,Ouvrier,5.2,,Bac+2/3,Laborantine 2,,,,Non Manager 100,100,1,42795,,USINE DE VILLECOMTAL,USINE DE VILLECOMTAL,DIR. INDUSTRIELLE,US DE VILLECOMTAL,Féminin,0
,,,,,,,,35417,,,27373,45,37808,16,CDI,O,43976,1,,,#N/A,30,Ouvrier,5.2,,Bac+2/3,Leader,,,,Non Manager 100,100,1,38904,,SERVICE GESTION VILLECOMTAL,SERVICE GESTION VILLECOMTAL,DIR. INDUSTRIELLE,US DE VILLECOMTAL,Masculin,0
,,,,,,,,42030,,,22230,59,30123,38,CDI,O,43976,0.5,,,#N/A,30,Ouvrier,5.2,,Bac+2/3,Leader,,,,Non Manager 100,50,0.5,36617,,SERVICE GESTION VILLECOMTAL,SERVICE GESTION VILLECOMTAL,DIR. INDUSTRIELLE,US DE VILLECOMTAL,Masculin,0
,,,,,,,,44171,,,30480,37,37870,16,CDI,O,43976,1,,,#N/A,30,Ouvrier,5.2,,Bac+2/3,Leader,,,,Non Manager 100,100,1,38139,,SERVICE GESTION VILLECOMTAL,SERVICE GESTION VILLECOMTAL,DIR. INDUSTRIELLE,US DE VILLECOMTAL,Masculin,0
,,,,,,,,48194,,,22504,58,39383,12,CDI,O,43976,0.69,,,#N/A,30,Ouvrier,5.2,,Bac+2/3,Leader,,,,Non Manager 100,68.57,0.6857,40664,,SERVICE GESTION VILLECOMTAL,SERVICE GESTION VILLECOMTAL,DIR. INDUSTRIELLE,US DE VILLECOMTAL,Masculin,0
,,,,,,,,39160,,,21706,61,30527,36,CDI,O,43976,1,,,#N/A,30,Ouvrier,4.2,,Bac+2/3,Magasinier pieces detachees,,,,Non Manager 100,100,1,36617,,SERV. MAINTENANCE VIL,SERV EXPLOITATION PROCESS VILLEC,DIR. INDUSTRIELLE,US DE VILLECOMTAL,Masculin,0
,,,,,,,,39163,,,22629,58,29589,39,CDI,O,43976,1,,,#N/A,30,Ouvrier,4.2,,Bac+2/3,Magasinier pieces detachees,,,,Non Manager 100,100,1,36617,,SERV. MAINTENANCE VIL,SERV EXPLOITATION PROCESS VILLEC,DIR. INDUSTRIELLE,US DE VILLECOMTAL,Masculin,0
,,,,,,,,354274,,,35660,22,43367,1,PRO1,TAM,43976,1,,,#N/A,20,Agent de Maîtrise,7.1,,Bac + 3,Manager en Ressources Humaines,,,,Non Manager 100,100,1,43367,,USINE DE VILLECOMTAL,USINE DE VILLECOMTAL,DIR. INDUSTRIELLE,US DE VILLECOMTAL,Féminin,0
,,,,,,,,320172,,,30579,36,42999,2,CDI,C,43976,1,CPE,1,#N/A,14,Cadre,10,,Bac + 5,MANAGER OPTIMISATION PRODUIT,,,,8 Manager,100,1,42968,,SERVICE GESTION VILLECOMTAL,SERVICE GESTION VILLECOMTAL,DIR. INDUSTRIELLE,US DE VILLECOMTAL,Féminin,1
,,,,,,,,49555,,,23601,55,37553,17,CDI,O,43976,1,,,#N/A,30,Ouvrier,3.2,42,Bac,OPERATEUR CARISTE,,O,,Non Manager 100,100,1,37742,,SERVICE FRUITS,SCE FRUITS,DIR. INDUSTRIELLE,US DE VILLECOMTAL,Masculin,0
,,,,,,,,30389,,,23768,55,34757,25,CDI,O,43976,1,,,#N/A,30,Ouvrier,3.2,42,Bac,operateur cariste magasinier,,O,,Non Manager 100,100,1,36617,,SERVICE GESTION VILLECOMTAL,SERVICE GESTION VILLECOMTAL,DIR. INDUSTRIELLE,US DE VILLECOMTAL,Masculin,0
,,,,,,,,36092,,,22385,59,29905,38,CDI,TAM,43976,1,,,#N/A,20,Agent de Maîtrise,3.2,62,Bac,Operateur cariste magasinier,,O,,Non Manager 100,100,1,36617,,SERVICE GESTION VILLECOMTAL,SERVICE GESTION VILLECOMTAL,DIR. INDUSTRIELLE,US DE VILLECOMTAL,Masculin,0
,,,,,,,,39165,,,22986,57,30240,37,CDI,O,43976,1,,,#N/A,30,Ouvrier,3.2,,Bac,operateur cariste magasinier,,O,,Non Manager 100,100,1,36617,,SERVICE GESTION VILLECOMTAL,SERVICE GESTION VILLECOMTAL,DIR. INDUSTRIELLE,US DE VILLECOMTAL,Masculin,0
,,,,,,,,42032,,,24587,53,33848,27,CDI,O,43976,1,,,#N/A,30,Ouvrier,3.2,42,Bac,Operateur cariste magasinier,,O,,Non Manager 100,100,1,36617,,SERVICE GESTION VILLECOMTAL,SERVICE GESTION VILLECOMTAL,DIR. INDUSTRIELLE,US DE VILLECOMTAL,Masculin,0
,,,,,,,,44725,,,23600,55,34642,25,CDI,O,43976,0.69,,,#N/A,30,Ouvrier,3.2,,Bac,Operateur cariste magasinier,,O,,Non Manager 100,68.57,0.6857,36617,,SERVICE GESTION VILLECOMTAL,SERVICE GESTION VILLECOMTAL,DIR. INDUSTRIELLE,US DE VILLECOMTAL,Masculin,0
,,,,,,,,49554,,,27596,44,37807,16,CDI,O,43976,0.69,,,#N/A,30,Ouvrier,3.2,52,Bac,operateur cariste magasinier,,O,,Non Manager 100,68.57,0.6857,38903,,SERVICE GESTION VILLECOMTAL,SERVICE GESTION VILLECOMTAL,DIR. INDUSTRIELLE,US DE VILLECOMTAL,Masculin,0
,,,,,,,,50692,,,24075,54,35100,24,CDI,O,43976,1,,,#N/A,30,Ouvrier,5.2,,Bac+2/3,operateur cariste magasinier,,O,,Non Manager 100,100,1,36617,,SERV. PRODUCTION VIL,SERV EXPLOIT CONDITIONNEMENT VIL,DIR. INDUSTRIELLE,US DE VILLECOMTAL,Masculin,0
,,,,,,,,55397,,,25182,51,37742,17,CDI,O,43976,1,,,#N/A,30,Ouvrier,3.2,,Bac,Operateur cariste magasinier,,O,,Non Manager 100,100,1,38901,,SERVICE GESTION VILLECOMTAL,SERVICE GESTION VILLECOMTAL,DIR. INDUSTRIELLE,US DE VILLECOMTAL,Masculin,0
,,,,,,,,56042,,,25460,50,34433,26,CDI,O,43976,1,,,#N/A,30,Ouvrier,3.2,42,Bac,Operateur cariste magasinier,,O,,Non Manager 100,100,1,36617,,SERVICE GESTION VILLECOMTAL,SERVICE GESTION VILLECOMTAL,DIR. INDUSTRIELLE,US DE VILLECOMTAL,Masculin,1
,,,,,,,,33363,,,21250,62,38359,15,CDI,O,43976,0.69,,,#N/A,30,Ouvrier,2.2,,Bac,Operateur de tri selectif,,O,,Non Manager 100,68.57,0.6857,39454,,SERVICE GESTION VILLECOMTAL,SERVICE GESTION VILLECOMTAL,DIR. INDUSTRIELLE,US DE VILLECOMTAL,Masculin,0
,,,,,,,,44723,,,23936,54,34571,25,CDI,O,43976,1,,,#N/A,30,Ouvrier,2.2,32,Bac,Operateur de tri selectif,,O,,Non Manager 100,100,1,36617,,SERVICE GESTION VILLECOMTAL,SERVICE GESTION VILLECOMTAL,DIR. INDUSTRIELLE,US DE VILLECOMTAL,Masculin,0
,,,,,,,,50688,,,25056,51,34858,25,CDI,O,43976,1,,,#N/A,30,Ouvrier,2.1,,Bac,Operateur de Tri Selectif,,O,,Non Manager 100,100,1,36617,,SERVICE GESTION VILLECOMTAL,SERVICE GESTION VILLECOMTAL,DIR. INDUSTRIELLE,US DE VILLECOMTAL,Masculin,0
,,,,,,,,42024,,,26987,46,37226,18,CDI,O,43976,1,,,#N/A,30,Ouvrier,3.2,42,Bac,Operateur process poudrage,,,,Non Manager 100,100,1,37803,,SERVICE PROCESS,SCE PROCESS,DIR. INDUSTRIELLE,US DE VILLECOMTAL,Masculin,0
,,,,,,,,42035,,,25101,51,34902,24,CDI,O,43976,1,,,#N/A,30,Ouvrier,3.2,52,Bac,Operateur process poudrage,,,,Non Manager 100,100,1,36617,,SERVICE PROCESS,SCE PROCESS,DIR. INDUSTRIELLE,US DE VILLECOMTAL,Masculin,0
,,,,,,,,42038,,,24761,52,35268,23,CDI,O,43976,1,,,#N/A,30,Ouvrier,3.2,42,Bac,Operateur process poudrage,,,,Non Manager 100,100,1,36617,,SERVICE PROCESS,SCE PROCESS,DIR. INDUSTRIELLE,US DE VILLECOMTAL,Masculin,0
,,,,,,,,30384,,,22469,58,30158,37,CDI,O,43976,1,,,#N/A,30,Ouvrier,2.2,42,Bac,Opérateur Tri sélectif,,O,,Non Manager 100,100,1,36617,,SERVICE FRUITS,SCE FRUITS,DIR. INDUSTRIELLE,US DE VILLECOMTAL,Masculin,0
,,,,,,,,39996,,,27008,46,39173,13,CDI,O,43976,1,,,1,30,Ouvrier,3.2,,Bac,Operatrice cariste magasiniere,,O,,Non Manager 100,100,1,40664,,SERVICE GESTION VILLECOMTAL,SERVICE GESTION VILLECOMTAL,DIR. INDUSTRIELLE,US DE VILLECOMTAL,Féminin,0
,,,,,,,,10118,,,30375,37,39400,12,CDI,C,43976,1,,,#N/A,12,Directeur,12,,Bac + 5,Plant Director Villecomtal,,,,6b Directeur,100,1,43252,,USINE DE VILLECOMTAL,USINE DE VILLECOMTAL,DIR. INDUSTRIELLE,US DE VILLECOMTAL,Féminin,1
,,,,,,,,177829,,,33919,27,42337,4,CDI,C,43976,1,,,#N/A,14,Cadre,9.2,,Bac + 5,Process Engineer,,,,9 Manager,100,1,42520,,SERV. PRODUCTION VIL,SERV EXPLOIT CONDITIONNEMENT VIL,DIR. INDUSTRIELLE,US DE VILLECOMTAL,Féminin,1
,,,,,,,,335736,,,34597,25,43410,1,CDI,C,43976,1,,,#N/A,14,Cadre,9.1,,Bac + 5,PROCESS ENGINEER,,,,9.9 Manager Junior,100,1,43556,,USINE DE VILLECOMTAL,USINE DE VILLECOMTAL,DIR. INDUSTRIELLE,US DE VILLECOMTAL,Masculin,1
,,,,,,,,113184,,,31690,33,41641,6,CDI,O,43976,1,,,#N/A,30,Ouvrier,3.2,,Bac,Professionnel de restauration,,,,Non Manager 100,100,1,41641,,SERVICE RELATIONS HUMAINES VILLE,SERVICE RELATIONS HUMAINES VILLE,DIR. INDUSTRIELLE,US DE VILLECOMTAL,Masculin,0
,,,,,,,,44680,,,27432,45,36861,19,CDI,O,43976,1,,,#N/A,30,Ouvrier,3.2,,Bac,Professionnel de restauration,,,,Non Manager 100,100,1,37438,,SERVICE RELATIONS HUMAINES VILLE,SERVICE RELATIONS HUMAINES VILLE,DIR. INDUSTRIELLE,US DE VILLECOMTAL,Masculin,0
,,,,,,,,33373,,,23444,56,30350,37,CDI,C,43976,1,,,#N/A,14,Cadre,10,,Bac + 5,Resp Maintenance Operationnell,,,,8 Manager,100,1,36617,,SERV. MAINTENANCE VIL,SERV EXPLOITATION PROCESS VILLEC,DIR. INDUSTRIELLE,US DE VILLECOMTAL,Masculin,1
,,,,,,,,30338,,,25939,49,36800,19,CDI,C,43976,1,,,#N/A,14,Cadre,9.2,,Bac + 5,Responsable Cellule Flux,,,,9 Manager,100,1,36800,,SERVICE GESTION VILLECOMTAL,SERVICE GESTION VILLECOMTAL,DIR. INDUSTRIELLE,US DE VILLECOMTAL,Masculin,1
,,,,,,,,46570,,,27947,43,39006,13,CDI,C,43976,1,,,#N/A,14,Cadre,10,,Bac + 5,Responsable Cellule process,,,,8 Manager,100,1,42675,,SERVICE PROCESS,SCE PROCESS,DIR. INDUSTRIELLE,US DE VILLECOMTAL,Masculin,1
,,,,,,,,266959,,,27972,43,42357,4,CDI,C,43976,1,,,#N/A,14,Cadre,10,,Bac + 5,Responsable Conditionnement,,,,8 Manager,100,1,42271,,SERV. PRODUCTION VIL,SERV EXPLOIT CONDITIONNEMENT VIL,DIR. INDUSTRIELLE,US DE VILLECOMTAL,Masculin,1
,,,,,,,,28253,,,26886,46,40742,8,CDI,C,43976,1,,,#N/A,14,Cadre,10,,Bac + 5,Responsable Controle de Gestion et flux,,,,8 Manager,100,1,42370,,SERVICE GESTION VILLECOMTAL,SERVICE GESTION VILLECOMTAL,DIR. INDUSTRIELLE,US DE VILLECOMTAL,Féminin,1
,,,,,,,,364640,,,35196,24,43536,1,CDD,C,43976,1,,,#N/A,14,Cadre,9.1,,Bac + 5,Responsable De Quart,,,,9.9 Manager Junior,100,1,43717,,SERV. PRODUCTION VIL,SERV EXPLOIT CONDITIONNEMENT VIL,DIR. INDUSTRIELLE,US DE VILLECOMTAL,Masculin,1
,,,,,,,,39171,,,26514,47,35431,23,CDI,TAM,43976,1,,,#N/A,20,Agent de Maîtrise,7.2,,Bac + 3,Responsable de quart,,,,Non Manager 100,100,1,36617,,SERVICE PROCESS,SCE PROCESS,DIR. INDUSTRIELLE,US DE VILLECOMTAL,Masculin,1
,,,,,,,,50684,,,22590,58,30411,37,CDI,TAM,43976,1,,,#N/A,16,Article 4 bis,8.2,,Bac + 3,Responsable laboratoire,,,,Non Manager 100,100,1,36617,43982,SERVICE GESTION QUALITÉ VILLECOM,SERVICE GESTION QUALITÉ VILLECOM,DIR. INDUSTRIELLE,US DE VILLECOMTAL,Masculin,1
,,,,,,,,53285,,,26189,48,35136,24,CDI,TAM,43976,1,,,#N/A,16,Article 4 bis,8.2,,Bac + 3,Responsable Laboratoire,,,,Non Manager 100,100,1,36617,,SERV. PRODUCTION VIL,SERV EXPLOIT CONDITIONNEMENT VIL,DIR. INDUSTRIELLE,US DE VILLECOMTAL,Masculin,1
,,,,,,,,33364,,,25472,50,35855,22,CDI,TAM,43976,0.67,,,#N/A,16,Article 4 bis,8.2,,Bac + 3,Responsable operationnel,,,,Non Manager 100,67.06,0.6706,36617,,SERV. PRODUCTION VIL,SERV EXPLOIT CONDITIONNEMENT VIL,DIR. INDUSTRIELLE,US DE VILLECOMTAL,Masculin,1
,,,,,,,,36594,,,26100,49,40757,8,CDI,TAM,43976,1,,,#N/A,20,Agent de Maîtrise,8.1,,Bac + 3,Responsable operationnel,,,,Non Manager 100,100,1,41061,,SERV. PRODUCTION VIL,SERV EXPLOIT CONDITIONNEMENT VIL,DIR. INDUSTRIELLE,US DE VILLECOMTAL,Féminin,1
,,,,,,,,45530,,,29661,39,38991,13,CDI,TAM,43976,1,,,#N/A,20,Agent de Maîtrise,8.1,,Bac + 3,Responsable operationnel,,,,Non Manager 100,100,1,40422,,SERV. PRODUCTION VIL,SERV EXPLOIT CONDITIONNEMENT VIL,DIR. INDUSTRIELLE,US DE VILLECOMTAL,Masculin,1
,,,,,,,,51634,,,28387,42,38991,13,CDI,TAM,43976,1,,,#N/A,20,Agent de Maîtrise,8.1,,Bac + 3,Responsable operationnel,,,,Non Manager 100,100,1,40299,,SERV. PRODUCTION VIL,SERV EXPLOIT CONDITIONNEMENT VIL,DIR. INDUSTRIELLE,US DE VILLECOMTAL,Masculin,1
,,,,,,,,50624,,,24468,53,33077,29,CDI,C,43976,1,,,#N/A,14,Cadre,11,,Bac + 5,Responsable Qualite Securite Perf & Projets,,,,7 Manager Directeur,100,1,41944,,SERVICE GESTION QUALITÉ VILLECOM,SERVICE GESTION QUALITÉ VILLECOM,DIR. INDUSTRIELLE,US DE VILLECOMTAL,Masculin,1
,,,,,,,,55472,,,30261,37,38384,15,CDI,TAM,43976,1,,,#N/A,20,Agent de Maîtrise,7.2,,Bac + 3,Responsable restaurant,,,,Non Manager 100,100,1,38384,,SERVICE RELATIONS HUMAINES VILLE,SERVICE RELATIONS HUMAINES VILLE,DIR. INDUSTRIELLE,US DE VILLECOMTAL,Masculin,1
,,,,,,,,385342,,,30214,37,43647,0,CDI,C,43976,1,,,#N/A,14,Cadre,10,,Bac + 5,RESPONSABLE RH,,,,8 Manager,100,1,43647,,USINE DE VILLECOMTAL,USINE DE VILLECOMTAL,DIR. INDUSTRIELLE,US DE VILLECOMTAL,Féminin,1
,,,,,,,,33378,,,25527,50,32780,30,CDI,TAM,43976,0.7,,,#N/A,16,Article 4 bis,8.2,,Bac + 3,Responsable Technique Cellule,,,,Non Manager 100,69.89,0.6989,36617,,SERV. MAINTENANCE VIL,SERV EXPLOITATION PROCESS VILLEC,DIR. INDUSTRIELLE,US DE VILLECOMTAL,Masculin,1
,,,,,,,,39170,,,24341,53,32608,31,CDI,TAM,43976,1,,,#N/A,16,Article 4 bis,8.3,,Bac + 3,Responsable Technique cellule,,,,Non Manager 100,100,1,36617,,SERVICE TRAVAUX NEUFS VILLECOMTA,SERVICE TRAVAUX NEUFS VILLECOMTA,DIR. INDUSTRIELLE,US DE VILLECOMTAL,Masculin,1
,,,,,,,,50679,,,26977,46,35926,22,CDI,C,43976,1,,,#N/A,14,Cadre,9.2,,Bac + 5,Responsable Technique Cellule,,,,9 Manager,100,1,35431,,SERV. MAINTENANCE VIL,SERV EXPLOITATION PROCESS VILLEC,DIR. INDUSTRIELLE,US DE VILLECOMTAL,Masculin,1
,,,,,,,,50689,,,27153,46,35073,24,CDI,TAM,43976,1,,,#N/A,16,Article 4 bis,8.2,,Bac + 3,Responsable technique Cellule,,,,Non Manager 100,100,1,36617,,SERVI.MAINTENANCE PROCESS,MAINTENANCE PROCESS,DIR. INDUSTRIELLE,US DE VILLECOMTAL,Masculin,1
,,,,,,,,10402767,,,35895,22,43836,0,STA,O,43976,1,,,#N/A,30,Ouvrier,,,,Stagiaire,,,,Non Manager 100,100,1,43836,,SERVICE GESTION QUALITÉ VILLECOM,SERVICE GESTION QUALITÉ VILLECOM,DIR. INDUSTRIELLE,US DE VILLECOMTAL,Féminin,0
,,,,,,,,10405894,,,35548,23,43892,0,STA,O,43976,1,,,#N/A,30,Ouvrier,,,,Stagiaire Maintenance,,,,Non Manager 100,100,1,43892,,SERVICE ENTRETIEN TNEUFS BAILLEU,SERVICE ENTRETIEN TNEUFS BAILLEU,DIR. INDUSTRIELLE,US DE VILLECOMTAL,Masculin,0
,,,,,,,,33366,,,27866,44,36052,21,CDI,TAM,43976,1,,,#N/A,20,Agent de Maîtrise,7.3,,Bac + 3,Technicien automatisme,,,O,Non Manager 100,100,1,36617,,SERVI.MAINTENANCE PROCESS,MAINTENANCE PROCESS,DIR. INDUSTRIELLE,US DE VILLECOMTAL,Masculin,1
,,,,,,,,39161,,,22015,60,30519,36,CDI,TAM,43976,1,,,#N/A,16,Article 4 bis,8.3,,Bac + 3,Technicien automatisme,,,O,Non Manager 100,100,1,36617,,SERV. MAINTENANCE VIL,SERV EXPLOITATION PROCESS VILLEC,DIR. INDUSTRIELLE,US DE VILLECOMTAL,Masculin,1
,,,,,,,,46465,,,25513,50,38404,15,CDI,TAM,43976,1,,,#N/A,20,Agent de Maîtrise,7.3,,Bac + 3,Technicien Automatisme et Outil Performance,,,O,Non Manager 100,100,1,38456,,SERVICE GESTION VILLECOMTAL,SERVICE GESTION VILLECOMTAL,DIR. INDUSTRIELLE,US DE VILLECOMTAL,Masculin,1
,,,,,,,,264901,,,35440,23,43101,2,CDI,TAM,43976,1,,,#N/A,20,Agent de Maîtrise,6.1,,Bac+2/3,Technicien de maintenance,,,O,Non Manager 100,100,1,43101,,SERVI.MAINTENANCE PROCESS,MAINTENANCE PROCESS,DIR. INDUSTRIELLE,US DE VILLECOMTAL,Masculin,0
,,,,,,,,289538,,,31739,33,42534,4,CDI,TAM,43976,1,,,#N/A,20,Agent de Maîtrise,6.2,,Bac+2/3,Technicien de maintenance,,,O,Non Manager 100,100,1,42534,,SERVI.MAINTENANCE PROCESS,MAINTENANCE PROCESS,DIR. INDUSTRIELLE,US DE VILLECOMTAL,Masculin,0
,,,,,,,,30376,,,26644,47,35765,22,CDI,TAM,43976,0.67,,,#N/A,20,Agent de Maîtrise,6.2,,Bac+2/3,Technicien de maintenance,,,O,Non Manager 100,66.85,0.6685,36617,,SERV. MAINTENANCE VIL,SERV EXPLOITATION PROCESS VILLEC,DIR. INDUSTRIELLE,US DE VILLECOMTAL,Masculin,0
,,,,,,,,31988,,,29261,40,38733,14,CDI,TAM,43976,1,,,#N/A,20,Agent de Maîtrise,6.2,,Bac+2/3,Technicien de maintenance,,,O,Non Manager 100,100,1,38733,,SERV. MAINTENANCE VIL,SERV EXPLOITATION PROCESS VILLEC,DIR. INDUSTRIELLE,US DE VILLECOMTAL,Masculin,0
,,,,,,,,33367,,,28711,41,36130,21,CDI,TAM,43976,1,,,#N/A,20,Agent de Maîtrise,6.2,,Bac+2/3,Technicien de maintenance,,,O,Non Manager 100,100,1,36617,,MAINTENANCE ENERGIES,MAINTENANCE ENERGIE,DIR. INDUSTRIELLE,US DE VILLECOMTAL,Masculin,0
,,,,,,,,39158,,,26132,48,36164,21,CDI,TAM,43976,0.67,,,#N/A,20,Agent de Maîtrise,6.2,,Bac+2/3,Technicien de maintenance,,,O,Non Manager 100,66.85,0.6685,36617,,SERV. MAINTENANCE VIL,SERV EXPLOITATION PROCESS VILLEC,DIR. INDUSTRIELLE,US DE VILLECOMTAL,Masculin,0
,,,,,,,,39159,,,22854,57,36342,20,CDI,TAM,43976,0.5,,,#N/A,20,Agent de Maîtrise,6.2,,Bac+2/3,Technicien de maintenance,,,O,Non Manager 100,50,0.5,36770,,SERV. MAINTENANCE VIL,SERV EXPLOITATION PROCESS VILLEC,DIR. INDUSTRIELLE,US DE VILLECOMTAL,Masculin,0
,,,,,,,,41237,,,29290,40,37349,18,CDI,TAM,43976,1,,,#N/A,20,Agent de Maîtrise,6.3,,Bac+2/3,Technicien de maintenance,,,O,Non Manager 100,100,1,37349,,MAINTENANCE ENERGIES,MAINTENANCE ENERGIE,DIR. INDUSTRIELLE,US DE VILLECOMTAL,Masculin,0
,,,,,,,,42025,,,28629,42,36008,21,CDI,TAM,43976,0.67,,,#N/A,20,Agent de Maîtrise,6.2,,Bac+2/3,Technicien de maintenance,,,O,Non Manager 100,66.86,0.6686,36739,,SERVI.MAINTENANCE PROCESS,MAINTENANCE PROCESS,DIR. INDUSTRIELLE,US DE VILLECOMTAL,Masculin,0
,,,,,,,,42034,,,25715,50,33362,29,CDI,TAM,43976,1,,,#N/A,20,Agent de Maîtrise,6.2,,Bac+2/3,Technicien de maintenance,,,O,Non Manager 100,100,1,36617,,SERV. MAINTENANCE VIL,SERV EXPLOITATION PROCESS VILLEC,DIR. INDUSTRIELLE,US DE VILLECOMTAL,Masculin,0
,,,,,,,,44669,,,28015,43,36678,20,CDI,TAM,43976,1,,,#N/A,20,Agent de Maîtrise,6.2,,Bac+2/3,Technicien de maintenance,,,O,Non Manager 100,100,1,36678,,SERV. MAINTENANCE VIL,SERV EXPLOITATION PROCESS VILLEC,DIR. INDUSTRIELLE,US DE VILLECOMTAL,Masculin,0
,,,,,,,,44715,,,27165,46,35926,22,CDI,TAM,43976,1,,,#N/A,20,Agent de Maîtrise,6.2,,Bac+2/3,Technicien de maintenance,,,O,Non Manager 100,100,1,36617,,SERV. MAINTENANCE VIL,SERV EXPLOITATION PROCESS VILLEC,DIR. INDUSTRIELLE,US DE VILLECOMTAL,Masculin,0
,,,,,,,,44716,,,26362,48,35926,22,CDI,TAM,43976,1,,,#N/A,20,Agent de Maîtrise,6.2,,Bac+2/3,Technicien de maintenance,,,O,Non Manager 100,100,1,36617,,SERV. MAINTENANCE VIL,SERV EXPLOITATION PROCESS VILLEC,DIR. INDUSTRIELLE,US DE VILLECOMTAL,Masculin,0
,,,,,,,,44729,,,26665,47,35614,22,CDI,TAM,43976,1,,,#N/A,20,Agent de Maîtrise,6.2,,Bac+2/3,Technicien de maintenance,,,O,Non Manager 100,100,1,36617,,SERV. MAINTENANCE VIL,SERV EXPLOITATION PROCESS VILLEC,DIR. INDUSTRIELLE,US DE VILLECOMTAL,Masculin,0
,,,,,,,,44730,,,25958,49,34957,24,CDI,TAM,43976,0.67,,,#N/A,20,Agent de Maîtrise,6.2,,Bac+2/3,Technicien de maintenance,,,O,Non Manager 100,66.85,0.6685,36617,,SERV. MAINTENANCE VIL,SERV EXPLOITATION PROCESS VILLEC,DIR. INDUSTRIELLE,US DE VILLECOMTAL,Masculin,0
,,,,,,,,47766,,,27163,46,36052,21,CDI,TAM,43976,0.7,,,#N/A,20,Agent de Maîtrise,6.2,,Bac+2/3,Technicien de maintenance,,,O,Non Manager 100,70.28,0.7028,36617,,SERVI.MAINTENANCE PROCESS,MAINTENANCE PROCESS,DIR. INDUSTRIELLE,US DE VILLECOMTAL,Masculin,0
,,,,,,,,47767,,,27180,46,36137,21,CDI,TAM,43976,1,,,#N/A,20,Agent de Maîtrise,6.2,,Bac+2/3,Technicien de maintenance,,,O,Non Manager 100,100,1,36617,,SERV. MAINTENANCE VIL,SERV EXPLOITATION PROCESS VILLEC,DIR. INDUSTRIELLE,US DE VILLECOMTAL,Masculin,0
,,,,,,,,47775,,,26537,47,35083,24,CDI,TAM,43976,1,,,#N/A,20,Agent de Maîtrise,6.2,,Bac+2/3,Technicien de maintenance,,,O,Non Manager 100,100,1,36617,,SERVI.MAINTENANCE PROCESS,MAINTENANCE PROCESS,DIR. INDUSTRIELLE,US DE VILLECOMTAL,Masculin,0
,,,,,,,,50647,,,28616,42,36780,19,CDI,TAM,43976,1,,,#N/A,20,Agent de Maîtrise,6.2,,Bac+2/3,Technicien de maintenance,,,O,Non Manager 100,100,1,36861,,SERV. MAINTENANCE VIL,SERV EXPLOITATION PROCESS VILLEC,DIR. INDUSTRIELLE,US DE VILLECOMTAL,Masculin,0
,,,,,,,,50680,,,27583,44,36161,21,CDI,TAM,43976,1,,,#N/A,20,Agent de Maîtrise,6.2,,Bac+2/3,Technicien de maintenance,,,O,Non Manager 100,100,1,36617,,SERVI.MAINTENANCE PROCESS,MAINTENANCE PROCESS,DIR. INDUSTRIELLE,US DE VILLECOMTAL,Masculin,0
,,,,,,,,53276,,,29430,39,36564,20,CDI,TAM,43976,0.7,,,#N/A,20,Agent de Maîtrise,6.2,,Bac+2/3,Technicien de maintenance,,,O,Non Manager 100,70.28,0.7028,37865,,SERVI.MAINTENANCE PROCESS,MAINTENANCE PROCESS,DIR. INDUSTRIELLE,US DE VILLECOMTAL,Masculin,0
,,,,,,,,56030,,,27577,44,36052,21,CDI,TAM,43976,1,,,#N/A,20,Agent de Maîtrise,6.2,,Bac+2/3,Technicien de maintenance,,,O,Non Manager 100,100,1,36617,,SERVI.MAINTENANCE PROCESS,MAINTENANCE PROCESS,DIR. INDUSTRIELLE,US DE VILLECOMTAL,Masculin,0
,,,,,,,,56046,,,25934,49,34995,24,CDI,TAM,43976,1,,,#N/A,20,Agent de Maîtrise,6.2,,Bac+2/3,Technicien de maintenance,,,O,Non Manager 100,100,1,36617,,SERV. MAINTENANCE VIL,SERV EXPLOITATION PROCESS VILLEC,DIR. INDUSTRIELLE,US DE VILLECOMTAL,Masculin,0
,,,,,,,,56045,,,26491,47,35073,24,CDI,TAM,43976,1,,,#N/A,20,Agent de Maîtrise,7.1,,Bac + 3,Technicien ordonnancement,,,,Non Manager 100,100,1,36617,,SERV. PRODUCTION VIL,SERV EXPLOIT CONDITIONNEMENT VIL,DIR. INDUSTRIELLE,US DE VILLECOMTAL,Masculin,1
,,,,,,,,30386,,,23330,56,33329,29,CDI,TAM,43976,0.69,,,#N/A,20,Agent de Maîtrise,6.2,,Bac+2/3,Technicien preparateur process,,,O,Non Manager 100,69.09,0.6909,36617,,SERVICE PROCESS,SCE PROCESS,DIR. INDUSTRIELLE,US DE VILLECOMTAL,Masculin,0
,,,,,,,,33382,,,26617,47,35377,23,CDI,TAM,43976,0.71,,,#N/A,20,Agent de Maîtrise,6.2,,Bac+2/3,Technicien preparateur process,,,O,Non Manager 100,71.42,0.7142,36617,,SERVICE PROCESS,SCE PROCESS,DIR. INDUSTRIELLE,US DE VILLECOMTAL,Masculin,0
,,,,,,,,39164,,,22414,59,30133,37,CDI,TAM,43976,1,,,#N/A,20,Agent de Maîtrise,6.2,,Bac+2/3,Technicien preparateur process,,,O,Non Manager 100,100,1,36617,,SERVICE PROCESS,SCE PROCESS,DIR. INDUSTRIELLE,US DE VILLECOMTAL,Masculin,0
,,,,,,,,39168,,,23089,57,32051,32,CDI,TAM,43976,1,,,#N/A,20,Agent de Maîtrise,6.1,,Bac+2/3,Technicien preparateur process,,,O,Non Manager 100,100,1,36617,,SERV. PRODUCTION VIL,SERV EXPLOIT CONDITIONNEMENT VIL,DIR. INDUSTRIELLE,US DE VILLECOMTAL,Masculin,0
,,,,,,,,39172,,,27155,46,35016,24,CDI,TAM,43976,1,,,#N/A,20,Agent de Maîtrise,6.2,,Bac+2/3,Technicien preparateur process,,,O,Non Manager 100,100,1,35016,,SERVICE PROCESS,SCE PROCESS,DIR. INDUSTRIELLE,US DE VILLECOMTAL,Masculin,0
,,,,,,,,41130,,,24066,54,32165,32,CDI,TAM,43976,1,,,#N/A,20,Agent de Maîtrise,6.2,,Bac+2/3,Technicien Preparateur Process,,,O,Non Manager 100,100,1,43344,,SERVICE EXPLOITATION SAINT JUST,SERVICE EXPLOITATION SAINT JUST,DIR. INDUSTRIELLE,US DE VILLECOMTAL,Masculin,0
,,,,,,,,41990,,,26413,48,37384,18,CDI,TAM,43976,1,,,#N/A,20,Agent de Maîtrise,6.2,,Bac+2/3,Technicien preparateur process,,,O,Non Manager 100,100,1,37803,,SERVICE PROCESS,SCE PROCESS,DIR. INDUSTRIELLE,US DE VILLECOMTAL,Masculin,0
,,,,,,,,42037,,,26844,46,36453,20,CDI,TAM,43976,0.71,,,#N/A,20,Agent de Maîtrise,6.2,,Bac+2/3,Technicien preparateur process,,,O,Non Manager 100,71.42,0.7142,37803,,SERVICE PROCESS,SCE PROCESS,DIR. INDUSTRIELLE,US DE VILLECOMTAL,Masculin,0
,,,,,,,,44726,,,26017,49,33781,27,CDI,TAM,43976,1,,,#N/A,20,Agent de Maîtrise,6.2,,Bac+2/3,Technicien preparateur process,,,O,Non Manager 100,100,1,36617,,SERVICE PROCESS,SCE PROCESS,DIR. INDUSTRIELLE,US DE VILLECOMTAL,Masculin,0
,,,,,,,,53279,,,22240,59,30337,37,CDI,TAM,43976,1,,,#N/A,20,Agent de Maîtrise,6.2,,Bac+2/3,Technicien preparateur process,,,O,Non Manager 100,100,1,36617,,SERVICE PROCESS,SCE PROCESS,DIR. INDUSTRIELLE,US DE VILLECOMTAL,Masculin,0
,,,,,,,,56044,,,25786,49,35585,23,CDI,TAM,43976,1,,,#N/A,20,Agent de Maîtrise,6.2,,Bac+2/3,Technicien preparateur process,,,O,Non Manager 100,100,1,36617,,SERVICE PROCESS,SCE PROCESS,DIR. INDUSTRIELLE,US DE VILLECOMTAL,Masculin,0
,,,,,,,,59376,,,24102,54,39966,11,CDI,TAM,43976,0.71,,,#N/A,20,Agent de Maîtrise,6.1,,Bac+2/3,Technicien preparateur process,,,O,Non Manager 100,71.42,0.7142,41519,,SERV. PRODUCTION VIL,SERV EXPLOIT CONDITIONNEMENT VIL,DIR. INDUSTRIELLE,US DE VILLECOMTAL,Masculin,0
,,,,,,,,44717,,,27346,45,35950,22,CDI,TAM,43976,1,,,#N/A,16,Article 4 bis,8.2,,Bac + 3,Technicien qualite emballages,,,,Non Manager 100,100,1,36617,,SERVICE GESTION QUALITÉ VILLECOM,SERVICE GESTION QUALITÉ VILLECOM,DIR. INDUSTRIELLE,US DE VILLECOMTAL,Masculin,1
,,,,,,,,49860,,,23518,56,31280,34,CDI,TAM,43976,1,,,#N/A,20,Agent de Maîtrise,7.2,,Bac + 3,Technicien qualite produits,,,,Non Manager 100,100,1,40422,,SERVICE GESTION QUALITÉ VILLECOM,SERVICE GESTION QUALITÉ VILLECOM,DIR. INDUSTRIELLE,US DE VILLECOMTAL,Masculin,1
,,,,,,,,42040,,,27274,45,35521,23,CDI,TAM,43976,1,,,#N/A,16,Article 4 bis,8.3,,Bac + 3,Technicien Qualite Support des Operations,,,,Non Manager 100,100,1,36617,,SERV. PRODUCTION VIL,SERV EXPLOIT CONDITIONNEMENT VIL,DIR. INDUSTRIELLE,US DE VILLECOMTAL,Masculin,1
,,,,,,,,50687,,,24796,52,34439,26,CDI,TAM,43976,1,,,#N/A,20,Agent de Maîtrise,6.2,,Bac+2/3,Technicien services generaux,,O,,Non Manager 100,100,1,36617,,SERVICE TRAVAUX NEUFS VILLECOMTA,SERVICE TRAVAUX NEUFS VILLECOMTA,DIR. INDUSTRIELLE,US DE VILLECOMTAL,Masculin,0
,,,,,,,,43372,,,32303,32,39733,11,CDI,TAM,43976,1,,,#N/A,20,Agent de Maîtrise,6.3,,Bac+2/3,Technicien Support Technique,,,,Non Manager 100,100,1,40756,,SERV. MAINTENANCE VIL,SERV EXPLOITATION PROCESS VILLEC,DIR. INDUSTRIELLE,US DE VILLECOMTAL,Masculin,0
,,,,,,,,94369,,,33287,29,41456,6,CDI,TAM,43976,1,,,#N/A,20,Agent de Maîtrise,6.2,,Bac+2/3,Technicienne de maintenance,,,O,Non Manager 100,100,1,41548,,SERVI.MAINTENANCE PROCESS,MAINTENANCE PROCESS,DIR. INDUSTRIELLE,US DE VILLECOMTAL,Féminin,0